{
  "project_info": {
    "project_number": "16738406140",
    "project_id": "newfile-6e212",
    "storage_bucket": "newfile-6e212.appspot.com"
  },
  "client": [
    {
      "client_info": {
        "mobilesdk_app_id": "1:16738406140:android:31e2d4849c1d2dbf449179",
        "android_client_info": {
          "package_name": "com.example.newfile"
        }
      },
      "oauth_client": [
        {
          "client_id": "16738406140-ou13sj8i296bas5bpi5mvhcjbt3qmrfe.apps.googleusercontent.com",
          "client_type": 1,
          "android_info": {
            "package_name": "com.example.newfile",
            "certificate_hash": "9ce5b64054c8d511a1f0587b04f3761c42a6ff26"
          }
        },
        {
          "client_id": "16738406140-a2gi6ossg182mot31qqvgu0t3icpf8ab.apps.googleusercontent.com",
          "client_type": 3
        }
      ],
      "api_key": [
        {
          "current_key": "AIzaSyAMZ8JUcVGPz-fLXIdDSzpJdjmHAx88glk"
        }
      ],
      "services": {
        "appinvite_service": {
          "other_platform_oauth_client": [
            {
              "client_id": "16738406140-a2gi6ossg182mot31qqvgu0t3icpf8ab.apps.googleusercontent.com",
              "client_type": 3
            }
          ]
        }
      }
    }
  ],
  "configuration_version": "1"
}